year,country,Life_exp
2000,Afghanistan,54.8
2000,Albania,72.6
2000,Algeria,71.3
2000,Angola,45.3
2000,Antigua and Barbuda,73.6
2000,Argentina,74.1
2000,Armenia,72
2000,Australia,79.5
2000,Austria,78.1
2000,Azerbaijan,66.6
2000,Bahamas,72.6
2000,Bahrain,74.5
2000,Bangladesh,65.3
2000,Barbados,73.3
2000,Belarus,68
2000,Belgium,77.6
2000,Belize,68.3
2000,Benin,55.4
2000,Bhutan,62
2000,Bolivia (Plurinational State of),62.6
2000,Bosnia and Herzegovina,74.6
2000,Botswana,47.8
2000,Brazil,75
2000,Brunei Darussalam,74.4
2000,Bulgaria,71.1
2000,Burkina Faso,51
2000,Burundi,58
2000,Cabo Verde,69.9
2000,Cambodia,57.7
2000,Cameroon,51.4
2000,Canada,79.1
2000,Central African Republic,46
2000,Chad,47.6
2000,Chile,77.3
2000,China,71.7
2000,Colombia,71.4
2000,Comoros,59.5
2000,Dem. Rep. Congo,52.9
2000,Costa Rica,77.6
2000,Côte d'Ivoire,47.9
2000,Croatia,74.7
2000,Cuba,76.9
2000,Cyprus,78.1
2000,Czechia,74.7
2000,Democratic People's Republic of Korea,65.4
2000,Democratic Republic of the Dem. Rep. Congo,51.3
2000,Denmark,76.9
2000,Djibouti,57.4
2000,Dominican Republic,72
2000,Ecuador,72.8
2000,Egypt,68.8
2000,El Salvador,69
2000,Equatorial Guinea,52.7
2000,Eritrea,45.3
2000,Estonia,78
2000,Ethiopia,51.2
2000,Fiji,67.7
2000,Finland,77.5
2000,France,78.8
2000,Gabon,61
2000,Gambia,55.9
2000,Georgia,71.8
2000,Germany,78
2000,Ghana,57.2
2000,Greece,78.2
2000,Grenada,74
2000,Guatemala,67.7
2000,Guinea,52.5
2000,Guinea-Bissau,52.1
2000,Guyana,65.4
2000,Haiti,58.6
2000,Honduras,71
2000,Hungary,71.7
2000,Iceland,79.7
2000,India,62.5
2000,Indonesia,66.3
2000,Iran (Islamic Republic of),73
2000,Iraq,70
2000,Ireland,76.4
2000,Israel,78.9
2000,Italy,79.4
2000,Jamaica,72.6
2000,Japan,81.1
2000,Jordan,71.7
2000,Kazakhstan,63.9
2000,Kenya,51.9
2000,Kiribati,64.1
2000,Kuwait,73.2
2000,Kyrgyzstan,66.6
2000,Lao People's Democratic Republic,58.1
2000,Latvia,71
2000,Lebanon,72.7
2000,Lesotho,49.3
2000,Liberia,51.9
2000,Libya,78
2000,Lithuania,71.6
2000,Luxembourg,77.8
2000,Madagascar,57.9
2000,Malawi,43.1
2000,Malaysia,72.4
2000,Maldives,69.6
2000,Mali,49.8
2000,Malta,77.5
2000,Mauritania,60
2000,Mauritius,71
2000,Mexico,74.8
2000,Micronesia (Federated States of),67
2000,Mongolia,62.8
2000,Montenegro,73
2000,Morocco,68.6
2000,Mozambique,49
2000,Myanmar,62.1
2000,Namibia,57.4
2000,Nepal,62.5
2000,Netherlands,78.1
2000,New Zealand,78.6
2000,Nicaragua,73
2000,Niger,50
2000,Nigeria,47.1
2000,Norway,78.5
2000,Oman,72.6
2000,Pakistan,62.8
2000,Panama,75.7
2000,Papua New Guinea,58.9
2000,Paraguay,79
2000,Peru,71.4
2000,Philippines,66.8
2000,Poland,73.7
2000,Portugal,76.6
2000,Qatar,76.2
2000,Republic of Korea,76
2000,Republic of Moldova,67.1
2000,Romania,77
2000,Russia,65
2000,Rwanda,48.3
2000,Saint Lucia,71.6
2000,Saint Vincent and the Grenadines,79
2000,Samoa,72
2000,Sao Tome and Principe,62.6
2000,Saudi Arabia,72.6
2000,Senegal,57.5
2000,Serbia,72.6
2000,Seychelles,71.8
2000,Sierra Leone,39
2000,Singapore,78.3
2000,Slovakia,73
2000,Slovenia,76
2000,Solomon Islands,65.8
2000,Somalia,55
2000,South Africa,57.3
2000,South Sudan,48.9
2000,Spain,79.1
2000,Sri Lanka,71.5
2000,Sudan,58.6
2000,Suriname,67.4
2000,Swaziland,48.4
2000,Sweden,79.6
2000,Switzerland,79.7
2000,Syrian Arab Republic,72.6
2000,Tajikistan,63.7
2000,Thailand,71.1
2000,The former Yugoslav republic of Macedonia,72.6
2000,Timor-Leste,58.7
2000,Togo,54.6
2000,Tonga,71.6
2000,Trinidad and Tobago,69.1
2000,Tunisia,72.9
2000,Turkey,74
2000,Turkmenistan,63.8
2000,Uganda,46.6
2000,Ukraine,67.5
2000,United Arab Emirates,74.2
2000,United Kingdom,77.8
2000,United Republic of Tanzania,49.2
2000,United States of America,76.8
2000,Uruguay,75.1
2000,Uzbekistan,67.1
2000,Vanuatu,69
2000,Venezuela (Bolivarian Republic of),72.5
2000,Viet Nam,73.4
2000,Yemen,68
2000,Zambia,43.8
2000,Zimbabwe,46
2001,Afghanistan,55.3
2001,Albania,73.6
2001,Algeria,71.4
2001,Angola,45.7
2001,Antigua and Barbuda,73.8
2001,Argentina,74
2001,Armenia,72.6
2001,Australia,79.9
2001,Austria,78.6
2001,Azerbaijan,67.5
2001,Bahamas,72.9
2001,Bahrain,74.7
2001,Bangladesh,65.8
2001,Barbados,73.4
2001,Belarus,67.7
2001,Belgium,78
2001,Belize,68.2
2001,Benin,55.5
2001,Bhutan,61.7
2001,Bolivia (Plurinational State of),63.3
2001,Bosnia and Herzegovina,74.9
2001,Botswana,46.7
2001,Brazil,71
2001,Brunei Darussalam,74.7
2001,Bulgaria,71.6
2001,Burkina Faso,56
2001,Burundi,51.3
2001,Cabo Verde,73
2001,Cambodia,58.5
2001,Cameroon,51.5
2001,Canada,79.4
2001,Central African Republic,45.6
2001,Chad,48
2001,Chile,77.3
2001,China,72.2
2001,Colombia,71.5
2001,Comoros,59.5
2001,Dem. Rep. Congo,52.7
2001,Costa Rica,77.5
2001,Côte d'Ivoire,47.8
2001,Croatia,74.9
2001,Cuba,76.7
2001,Cyprus,78.2
2001,Czechia,75.1
2001,Democratic People's Republic of Korea,66.6
2001,Democratic Republic of the Dem. Rep. Congo,51.8
2001,Denmark,77
2001,Djibouti,57.7
2001,Dominican Republic,71.2
2001,Ecuador,73.4
2001,Egypt,68.6
2001,El Salvador,68.9
2001,Equatorial Guinea,53.1
2001,Eritrea,58.1
2001,Estonia,78
2001,Ethiopia,52.5
2001,Fiji,67.8
2001,Finland,78
2001,France,79
2001,Gabon,59.8
2001,Gambia,56.3
2001,Georgia,73
2001,Germany,78.3
2001,Ghana,57.4
2001,Greece,78.7
2001,Grenada,77
2001,Guatemala,68.4
2001,Guinea,52.5
2001,Guinea-Bissau,52.5
2001,Guyana,65.4
2001,Haiti,58.9
2001,Honduras,71.3
2001,Hungary,72.3
2001,Iceland,80
2001,India,62.9
2001,Indonesia,66.5
2001,Iran (Islamic Republic of),78
2001,Iraq,72
2001,Ireland,77
2001,Israel,79.3
2001,Italy,79.8
2001,Jamaica,72.7
2001,Japan,81.5
2001,Jordan,71.9
2001,Kazakhstan,64.4
2001,Kenya,51.9
2001,Kiribati,64.3
2001,Kuwait,73.2
2001,Kyrgyzstan,67.2
2001,Lao People's Democratic Republic,58.7
2001,Latvia,69.9
2001,Lebanon,73
2001,Lesotho,47.8
2001,Liberia,51.5
2001,Libya,71
2001,Lithuania,71.2
2001,Luxembourg,78
2001,Madagascar,58.7
2001,Malawi,43.5
2001,Malaysia,72.7
2001,Maldives,78
2001,Mali,55
2001,Malta,77.8
2001,Mauritania,61
2001,Mauritius,71.5
2001,Mexico,75
2001,Micronesia (Federated States of),67.2
2001,Mongolia,63.2
2001,Montenegro,73.3
2001,Morocco,69
2001,Mozambique,49.5
2001,Myanmar,62.5
2001,Namibia,56.5
2001,Nepal,63.2
2001,Netherlands,78.3
2001,New Zealand,78.5
2001,Nicaragua,73
2001,Niger,56
2001,Nigeria,47.4
2001,Norway,78.8
2001,Oman,72.9
2001,Pakistan,63
2001,Panama,75.5
2001,Papua New Guinea,59.1
2001,Paraguay,71.2
2001,Peru,72.4
2001,Philippines,66.8
2001,Poland,74.2
2001,Portugal,76.9
2001,Qatar,76.3
2001,Republic of Korea,76.7
2001,Republic of Moldova,67.6
2001,Romania,78
2001,Russia,65.1
2001,Rwanda,48.6
2001,Saint Lucia,71.8
2001,Saint Vincent and the Grenadines,79
2001,Samoa,75
2001,Sao Tome and Principe,62.8
2001,Saudi Arabia,72.8
2001,Senegal,57.9
2001,Serbia,73.1
2001,Seychelles,72
2001,Sierra Leone,41
2001,Singapore,78.7
2001,Slovakia,73.3
2001,Slovenia,76.2
2001,Solomon Islands,66.2
2001,Somalia,57
2001,South Africa,56
2001,South Sudan,49.6
2001,Spain,79.4
2001,Sri Lanka,72.7
2001,Sudan,58.9
2001,Suriname,67.7
2001,Swaziland,47.1
2001,Sweden,79.8
2001,Switzerland,82
2001,Syrian Arab Republic,72.7
2001,Tajikistan,64
2001,Thailand,71.2
2001,The former Yugoslav republic of Macedonia,73.1
2001,Timor-Leste,59.4
2001,Togo,54.6
2001,Tonga,71.8
2001,Trinidad and Tobago,69.1
2001,Tunisia,73.2
2001,Turkey,78
2001,Turkmenistan,64
2001,Uganda,47.7
2001,Ukraine,67.7
2001,United Arab Emirates,74.5
2001,United Kingdom,78
2001,United Republic of Tanzania,49.6
2001,United States of America,76.9
2001,Uruguay,75.2
2001,Uzbekistan,67.4
2001,Vanuatu,69.1
2001,Venezuela (Bolivarian Republic of),72.5
2001,Viet Nam,73.6
2001,Yemen,61.1
2001,Zambia,44.6
2001,Zimbabwe,45.3
2002,Afghanistan,56.2
2002,Albania,73.3
2002,Algeria,71.6
2002,Angola,46.5
2002,Antigua and Barbuda,74
2002,Argentina,74.1
2002,Armenia,72.6
2002,Australia,79.9
2002,Austria,78.7
2002,Azerbaijan,67.8
2002,Bahamas,73.1
2002,Bahrain,74.9
2002,Bangladesh,66.3
2002,Barbados,73.5
2002,Belarus,67.2
2002,Belgium,78
2002,Belize,68.5
2002,Benin,55.6
2002,Bhutan,62.5
2002,Bolivia (Plurinational State of),63.9
2002,Bosnia and Herzegovina,75.4
2002,Botswana,46
2002,Brazil,71.4
2002,Brunei Darussalam,74.8
2002,Bulgaria,71.8
2002,Burkina Faso,51
2002,Burundi,51.5
2002,Cabo Verde,77
2002,Cambodia,59.3
2002,Cameroon,51.6
2002,Canada,79.5
2002,Central African Republic,45.6
2002,Chad,48.1
2002,Chile,77.8
2002,China,72.7
2002,Colombia,71.8
2002,Comoros,59.5
2002,Dem. Rep. Congo,52.6
2002,Costa Rica,78.3
2002,Côte d'Ivoire,47.7
2002,Croatia,74.8
2002,Cuba,77.7
2002,Cyprus,78.4
2002,Czechia,75.3
2002,Democratic People's Republic of Korea,67.6
2002,Democratic Republic of the Dem. Rep. Congo,52.1
2002,Denmark,77
2002,Djibouti,57.9
2002,Dominican Republic,71.4
2002,Ecuador,73.6
2002,Egypt,68.7
2002,El Salvador,73
2002,Equatorial Guinea,53.5
2002,Eritrea,58.5
2002,Estonia,71.2
2002,Ethiopia,53.2
2002,Fiji,67.9
2002,Finland,78.1
2002,France,79.2
2002,Gabon,59.7
2002,Gambia,56.6
2002,Georgia,71.7
2002,Germany,78.4
2002,Ghana,57.6
2002,Greece,79
2002,Grenada,79
2002,Guatemala,69.3
2002,Guinea,52.9
2002,Guinea-Bissau,52.8
2002,Guyana,65.3
2002,Haiti,59.3
2002,Honduras,71.6
2002,Hungary,72.5
2002,Iceland,84
2002,India,63.3
2002,Indonesia,66.7
2002,Iran (Islamic Republic of),71.2
2002,Iraq,74
2002,Ireland,77.4
2002,Israel,79.3
2002,Italy,80
2002,Jamaica,73
2002,Japan,81.8
2002,Jordan,72.1
2002,Kazakhstan,64.7
2002,Kenya,52.1
2002,Kiribati,64.6
2002,Kuwait,73.3
2002,Kyrgyzstan,66.7
2002,Lao People's Democratic Republic,59.3
2002,Latvia,73
2002,Lebanon,73.2
2002,Lesotho,46.4
2002,Liberia,56
2002,Libya,71.1
2002,Lithuania,71.4
2002,Luxembourg,78.3
2002,Madagascar,59.3
2002,Malawi,44
2002,Malaysia,72.9
2002,Maldives,71.8
2002,Mali,51.2
2002,Malta,78.2
2002,Mauritania,62
2002,Mauritius,71.5
2002,Mexico,75
2002,Micronesia (Federated States of),66.2
2002,Mongolia,63.8
2002,Montenegro,73.4
2002,Morocco,69.5
2002,Mozambique,49.8
2002,Myanmar,62.8
2002,Namibia,55.7
2002,Nepal,63.1
2002,Netherlands,78.4
2002,New Zealand,78.7
2002,Nicaragua,75
2002,Niger,51.4
2002,Nigeria,47.7
2002,Norway,78.9
2002,Oman,73.3
2002,Pakistan,63.2
2002,Panama,75.7
2002,Papua New Guinea,59.3
2002,Paraguay,71.5
2002,Peru,72.6
2002,Philippines,66.8
2002,Poland,74.5
2002,Portugal,77.2
2002,Qatar,76.4
2002,Republic of Korea,77.1
2002,Republic of Moldova,67.5
2002,Romania,77
2002,Russia,64.8
2002,Rwanda,57
2002,Saint Lucia,72
2002,Saint Vincent and the Grenadines,79
2002,Samoa,76
2002,Sao Tome and Principe,63.1
2002,Saudi Arabia,72.9
2002,Senegal,58.4
2002,Serbia,72.9
2002,Seychelles,72.1
2002,Sierra Leone,48
2002,Singapore,79
2002,Slovakia,73.7
2002,Slovenia,76.6
2002,Solomon Islands,66.5
2002,Somalia,58
2002,South Africa,54.9
2002,South Sudan,52
2002,Spain,79.5
2002,Sri Lanka,73.7
2002,Sudan,59.4
2002,Suriname,67.9
2002,Swaziland,46.4
2002,Sweden,79.9
2002,Switzerland,84
2002,Syrian Arab Republic,72.8
2002,Tajikistan,64.3
2002,Thailand,71.4
2002,The former Yugoslav republic of Macedonia,72.8
2002,Timor-Leste,62
2002,Togo,54.7
2002,Tonga,71.9
2002,Trinidad and Tobago,69.2
2002,Tunisia,73.5
2002,Turkey,71.2
2002,Turkmenistan,63.3
2002,Uganda,48.8
2002,Ukraine,67.6
2002,United Arab Emirates,74.7
2002,United Kingdom,78.2
2002,United Republic of Tanzania,52
2002,United States of America,77
2002,Uruguay,75.4
2002,Uzbekistan,67.1
2002,Vanuatu,69.3
2002,Venezuela (Bolivarian Republic of),73.1
2002,Viet Nam,73.8
2002,Yemen,61.5
2002,Zambia,45.5
2002,Zimbabwe,44.8
2003,Afghanistan,56.7
2003,Albania,72.8
2003,Algeria,71.7
2003,Angola,46.8
2003,Antigua and Barbuda,74.2
2003,Argentina,74.1
2003,Armenia,72.7
2003,Australia,83
2003,Austria,78.8
2003,Azerbaijan,67.8
2003,Bahamas,73.2
2003,Bahrain,75
2003,Bangladesh,66.8
2003,Barbados,73.7
2003,Belarus,67.7
2003,Belgium,78.3
2003,Belize,68.4
2003,Benin,55.8
2003,Bhutan,63.3
2003,Bolivia (Plurinational State of),64.5
2003,Bosnia and Herzegovina,75.2
2003,Botswana,46.4
2003,Brazil,71.8
2003,Brunei Darussalam,76
2003,Bulgaria,72
2003,Burkina Faso,51.6
2003,Burundi,51.9
2003,Cabo Verde,71.1
2003,Cambodia,63
2003,Cameroon,51.8
2003,Canada,79.7
2003,Central African Republic,45.7
2003,Chad,48.4
2003,Chile,77.9
2003,China,73.1
2003,Colombia,72.4
2003,Comoros,59.6
2003,Dem. Rep. Congo,53.2
2003,Costa Rica,78
2003,Côte d'Ivoire,48
2003,Croatia,74.7
2003,Cuba,77.4
2003,Cyprus,78.5
2003,Czechia,75.2
2003,Democratic People's Republic of Korea,68.1
2003,Democratic Republic of the Dem. Rep. Congo,52.8
2003,Denmark,77.3
2003,Djibouti,58
2003,Dominican Republic,73
2003,Ecuador,74.4
2003,Egypt,68.6
2003,El Salvador,69.9
2003,Equatorial Guinea,53.8
2003,Eritrea,58.8
2003,Estonia,71.9
2003,Ethiopia,54
2003,Fiji,68
2003,Finland,78.4
2003,France,79.3
2003,Gabon,59.7
2003,Gambia,57
2003,Georgia,72.7
2003,Germany,78.5
2003,Ghana,57.9
2003,Greece,79.1
2003,Grenada,71.1
2003,Guatemala,69.4
2003,Guinea,53.3
2003,Guinea-Bissau,53
2003,Guyana,65.3
2003,Haiti,59.7
2003,Honduras,71.9
2003,Hungary,72.5
2003,Iceland,87
2003,India,63.7
2003,Indonesia,66.9
2003,Iran (Islamic Republic of),75
2003,Iraq,66.5
2003,Ireland,78
2003,Israel,79.7
2003,Italy,79.9
2003,Jamaica,73.1
2003,Japan,81.9
2003,Jordan,72.3
2003,Kazakhstan,64.4
2003,Kenya,52.4
2003,Kiribati,64.7
2003,Kuwait,73.4
2003,Kyrgyzstan,66.6
2003,Lao People's Democratic Republic,59.8
2003,Latvia,78
2003,Lebanon,73.5
2003,Lesotho,45.5
2003,Liberia,50
2003,Libya,71.3
2003,Lithuania,71.6
2003,Luxembourg,78.6
2003,Madagascar,59.9
2003,Malawi,44.6
2003,Malaysia,73.1
2003,Maldives,72.7
2003,Mali,52
2003,Malta,78.5
2003,Mauritania,63
2003,Mauritius,71.5
2003,Mexico,75
2003,Micronesia (Federated States of),67.5
2003,Mongolia,64
2003,Montenegro,73.5
2003,Morocco,69.9
2003,Mozambique,51
2003,Myanmar,63.2
2003,Namibia,55
2003,Nepal,64.3
2003,Netherlands,78.7
2003,New Zealand,79.1
2003,Nicaragua,76
2003,Niger,52.1
2003,Nigeria,48.1
2003,Norway,79.4
2003,Oman,73.6
2003,Pakistan,63.5
2003,Panama,75.5
2003,Papua New Guinea,59.6
2003,Paraguay,71.7
2003,Peru,72.1
2003,Philippines,67.2
2003,Poland,74.7
2003,Portugal,77.3
2003,Qatar,76.5
2003,Republic of Korea,77.6
2003,Republic of Moldova,67.6
2003,Romania,71.1
2003,Russia,64.6
2003,Rwanda,52
2003,Saint Lucia,72.2
2003,Saint Vincent and the Grenadines,71
2003,Samoa,79
2003,Sao Tome and Principe,63.4
2003,Saudi Arabia,73
2003,Senegal,59
2003,Serbia,73
2003,Seychelles,72.1
2003,Sierra Leone,41.5
2003,Singapore,79.3
2003,Slovakia,73.8
2003,Slovenia,76.5
2003,Solomon Islands,66.8
2003,Somalia,51.1
2003,South Africa,54
2003,South Sudan,58
2003,Spain,79.4
2003,Sri Lanka,73.9
2003,Sudan,59.6
2003,Suriname,68
2003,Swaziland,45.9
2003,Sweden,82
2003,Switzerland,85
2003,Syrian Arab Republic,73
2003,Tajikistan,65.2
2003,Thailand,71.7
2003,The former Yugoslav republic of Macedonia,73.2
2003,Timor-Leste,61
2003,Togo,54.7
2003,Tonga,72
2003,Trinidad and Tobago,69.3
2003,Tunisia,73.7
2003,Turkey,71.6
2003,Turkmenistan,63.4
2003,Uganda,51
2003,Ukraine,67.6
2003,United Arab Emirates,74.9
2003,United Kingdom,78.3
2003,United Republic of Tanzania,58
2003,United States of America,77.2
2003,Uruguay,75.4
2003,Uzbekistan,67.2
2003,Vanuatu,69.4
2003,Venezuela (Bolivarian Republic of),72.4
2003,Viet Nam,74
2003,Yemen,61.9
2003,Zambia,46.4
2003,Zimbabwe,44.5
2004,Afghanistan,57
2004,Albania,73
2004,Algeria,72.3
2004,Angola,47.1
2004,Antigua and Barbuda,74.4
2004,Argentina,74.7
2004,Armenia,73
2004,Australia,86
2004,Austria,79.3
2004,Azerbaijan,68.4
2004,Bahamas,73.8
2004,Bahrain,75.2
2004,Bangladesh,67.3
2004,Barbados,73.8
2004,Belarus,68.2
2004,Belgium,78.8
2004,Belize,68.7
2004,Benin,56.1
2004,Bhutan,64.2
2004,Bolivia (Plurinational State of),65.1
2004,Bosnia and Herzegovina,75.5
2004,Botswana,48.1
2004,Brazil,72
2004,Brunei Darussalam,76.4
2004,Bulgaria,72.2
2004,Burkina Faso,52.4
2004,Burundi,52.6
2004,Cabo Verde,71.4
2004,Cambodia,61.5
2004,Cameroon,52.1
2004,Canada,80
2004,Central African Republic,45.7
2004,Chad,48.5
2004,Chile,78
2004,China,73.5
2004,Colombia,72.8
2004,Comoros,59.8
2004,Dem. Rep. Congo,54.1
2004,Costa Rica,77.7
2004,Côte d'Ivoire,48.2
2004,Croatia,75.4
2004,Cuba,77.3
2004,Cyprus,78.6
2004,Czechia,75.8
2004,Democratic People's Republic of Korea,68.4
2004,Democratic Republic of the Dem. Rep. Congo,53.5
2004,Denmark,77.7
2004,Djibouti,58.1
2004,Dominican Republic,69.3
2004,Ecuador,74.4
2004,Egypt,69
2004,El Salvador,70
2004,Equatorial Guinea,54.1
2004,Eritrea,59.1
2004,Estonia,72.3
2004,Ethiopia,55
2004,Fiji,68.1
2004,Finland,78.7
2004,France,82
2004,Gabon,59.7
2004,Gambia,57.3
2004,Georgia,72.3
2004,Germany,79.1
2004,Ghana,58.3
2004,Greece,79.2
2004,Grenada,73
2004,Guatemala,69.6
2004,Guinea,54
2004,Guinea-Bissau,53.5
2004,Guyana,65.1
2004,Haiti,58.7
2004,Honduras,72.2
2004,Hungary,72.9
2004,Iceland,88
2004,India,64
2004,Indonesia,65.3
2004,Iran (Islamic Republic of),71.8
2004,Iraq,67.2
2004,Ireland,78.3
2004,Israel,81
2004,Italy,89
2004,Jamaica,73.3
2004,Japan,82.1
2004,Jordan,72.5
2004,Kazakhstan,64.7
2004,Kenya,53
2004,Kiribati,64.8
2004,Kuwait,73.5
2004,Kyrgyzstan,67.1
2004,Lao People's Democratic Republic,64
2004,Latvia,71
2004,Lebanon,73.7
2004,Lesotho,44.8
2004,Liberia,54
2004,Libya,71.5
2004,Lithuania,71.6
2004,Luxembourg,78.7
2004,Madagascar,64
2004,Malawi,45.1
2004,Malaysia,73.2
2004,Maldives,73.4
2004,Mali,52.8
2004,Malta,78.7
2004,Mauritania,64
2004,Mauritius,71.9
2004,Mexico,75.4
2004,Micronesia (Federated States of),67.7
2004,Mongolia,64
2004,Montenegro,73.5
2004,Morocco,72
2004,Mozambique,54
2004,Myanmar,63.5
2004,Namibia,54.7
2004,Nepal,64.7
2004,Netherlands,79.2
2004,New Zealand,79.2
2004,Nicaragua,71
2004,Niger,52.9
2004,Nigeria,48.5
2004,Norway,79.8
2004,Oman,74
2004,Pakistan,63.7
2004,Panama,75.8
2004,Papua New Guinea,59.9
2004,Paraguay,71.9
2004,Peru,72.2
2004,Philippines,67.3
2004,Poland,74.9
2004,Portugal,78
2004,Qatar,76.6
2004,Republic of Korea,78.2
2004,Republic of Moldova,68
2004,Romania,71.7
2004,Russia,64.9
2004,Rwanda,53.4
2004,Saint Lucia,72.6
2004,Saint Vincent and the Grenadines,71.2
2004,Samoa,71.4
2004,Sao Tome and Principe,63.8
2004,Saudi Arabia,73.1
2004,Senegal,59.7
2004,Serbia,73
2004,Seychelles,72.1
2004,Sierra Leone,42.3
2004,Singapore,79.7
2004,Slovakia,74.1
2004,Slovenia,77.2
2004,Solomon Islands,67.1
2004,Somalia,51.2
2004,South Africa,53.7
2004,South Sudan,51.4
2004,Spain,81
2004,Sri Lanka,69.1
2004,Sudan,59.7
2004,Suriname,68.3
2004,Swaziland,45.6
2004,Sweden,83
2004,Switzerland,81
2004,Syrian Arab Republic,73.2
2004,Tajikistan,65.9
2004,Thailand,71.6
2004,The former Yugoslav republic of Macedonia,73.5
2004,Timor-Leste,62.3
2004,Togo,54.9
2004,Tonga,72.2
2004,Trinidad and Tobago,69.4
2004,Tunisia,74
2004,Turkey,72
2004,Turkmenistan,63.5
2004,Uganda,51.3
2004,Ukraine,67.4
2004,United Arab Emirates,75.1
2004,United Kingdom,78.8
2004,United Republic of Tanzania,51.5
2004,United States of America,77.5
2004,Uruguay,75.4
2004,Uzbekistan,67.8
2004,Vanuatu,69.6
2004,Venezuela (Bolivarian Republic of),73.3
2004,Viet Nam,74.2
2004,Yemen,62.2
2004,Zambia,47.9
2004,Zimbabwe,44.3
2005,Afghanistan,57.3
2005,Albania,73.5
2005,Algeria,72.9
2005,Angola,47.4
2005,Antigua and Barbuda,74.6
2005,Argentina,74.9
2005,Armenia,73
2005,Australia,81
2005,Austria,79.4
2005,Azerbaijan,68.4
2005,Bahamas,74.1
2005,Bahrain,75.3
2005,Bangladesh,67.8
2005,Barbados,73.9
2005,Belarus,68.1
2005,Belgium,78.9
2005,Belize,69
2005,Benin,56.5
2005,Bhutan,65
2005,Bolivia (Plurinational State of),65.7
2005,Bosnia and Herzegovina,75
2005,Botswana,51.7
2005,Brazil,72.7
2005,Brunei Darussalam,76.2
2005,Bulgaria,72.1
2005,Burkina Faso,53.3
2005,Burundi,53.4
2005,Cabo Verde,71.8
2005,Cambodia,62.9
2005,Cameroon,52.8
2005,Canada,81
2005,Central African Republic,45.9
2005,Chad,48.6
2005,Chile,78.4
2005,China,73.9
2005,Colombia,73.1
2005,Comoros,60
2005,Dem. Rep. Congo,55.3
2005,Costa Rica,78.6
2005,Côte d'Ivoire,48.7
2005,Croatia,75.2
2005,Cuba,77.2
2005,Cyprus,78.7
2005,Czechia,75.9
2005,Democratic People's Republic of Korea,68.5
2005,Democratic Republic of the Dem. Rep. Congo,54.3
2005,Denmark,78.1
2005,Djibouti,58.6
2005,Dominican Republic,69.7
2005,Ecuador,74.2
2005,Egypt,69.4
2005,El Salvador,71
2005,Equatorial Guinea,54.4
2005,Eritrea,59.4
2005,Estonia,72.8
2005,Ethiopia,56
2005,Fiji,68.3
2005,Finland,78.9
2005,France,81
2005,Gabon,65
2005,Gambia,57.7
2005,Georgia,73.9
2005,Germany,79.2
2005,Ghana,58.9
2005,Greece,79.3
2005,Grenada,71.5
2005,Guatemala,69.2
2005,Guinea,54.7
2005,Guinea-Bissau,53.9
2005,Guyana,65
2005,Haiti,65
2005,Honduras,72.5
2005,Hungary,72.9
2005,Iceland,81
2005,India,64.4
2005,Indonesia,67.2
2005,Iran (Islamic Republic of),72
2005,Iraq,66.8
2005,Ireland,78.7
2005,Israel,80
2005,Italy,88
2005,Jamaica,73.5
2005,Japan,82
2005,Jordan,72.4
2005,Kazakhstan,64.6
2005,Kenya,54.1
2005,Kiribati,64.9
2005,Kuwait,73.6
2005,Kyrgyzstan,66.9
2005,Lao People's Democratic Republic,61
2005,Latvia,76
2005,Lebanon,73.9
2005,Lesotho,44.5
2005,Liberia,55.3
2005,Libya,71.9
2005,Lithuania,78
2005,Luxembourg,78.8
2005,Madagascar,69
2005,Malawi,46
2005,Malaysia,73.4
2005,Maldives,74.3
2005,Mali,53.6
2005,Malta,79
2005,Mauritania,66
2005,Mauritius,72.1
2005,Mexico,75.3
2005,Micronesia (Federated States of),67.9
2005,Mongolia,64.5
2005,Montenegro,73.6
2005,Morocco,77
2005,Mozambique,58
2005,Myanmar,63.9
2005,Namibia,55.1
2005,Nepal,65.4
2005,Netherlands,79.4
2005,New Zealand,79.9
2005,Nicaragua,71.2
2005,Niger,53.7
2005,Nigeria,49.2
2005,Norway,81
2005,Oman,74.3
2005,Pakistan,62.9
2005,Panama,75.8
2005,Papua New Guinea,64
2005,Paraguay,72.1
2005,Peru,72.8
2005,Philippines,67
2005,Poland,75
2005,Portugal,77.7
2005,Qatar,76.6
2005,Republic of Korea,78.7
2005,Republic of Moldova,67.3
2005,Romania,71.9
2005,Russia,65
2005,Rwanda,55.3
2005,Saint Lucia,73.1
2005,Saint Vincent and the Grenadines,71.4
2005,Samoa,71.6
2005,Sao Tome and Principe,64.3
2005,Saudi Arabia,73.1
2005,Senegal,65
2005,Serbia,73
2005,Seychelles,72.2
2005,Sierra Leone,43.3
2005,Singapore,82
2005,Slovakia,74
2005,Slovenia,77.5
2005,Solomon Islands,67.4
2005,Somalia,51.6
2005,South Africa,53.8
2005,South Sudan,51.9
2005,Spain,81
2005,Sri Lanka,74.2
2005,Sudan,67
2005,Suriname,68.9
2005,Swaziland,46
2005,Sweden,85
2005,Switzerland,81.1
2005,Syrian Arab Republic,73.5
2005,Tajikistan,65.5
2005,Thailand,72.5
2005,The former Yugoslav republic of Macedonia,73.6
2005,Timor-Leste,63.7
2005,Togo,55
2005,Tonga,72.3
2005,Trinidad and Tobago,69.5
2005,Tunisia,74.2
2005,Turkey,72.4
2005,Turkmenistan,63.3
2005,Uganda,53.2
2005,Ukraine,67
2005,United Arab Emirates,75.3
2005,United Kingdom,79
2005,United Republic of Tanzania,52.2
2005,United States of America,77.5
2005,Uruguay,75.7
2005,Uzbekistan,67.3
2005,Vanuatu,69.9
2005,Venezuela (Bolivarian Republic of),73.6
2005,Viet Nam,74.4
2005,Yemen,62.6
2005,Zambia,49.3
2005,Zimbabwe,44.6
2006,Afghanistan,57.3
2006,Albania,74.2
2006,Algeria,73.4
2006,Angola,47.7
2006,Antigua and Barbuda,74.8
2006,Argentina,75.2
2006,Armenia,72.9
2006,Australia,81.2
2006,Austria,79.8
2006,Azerbaijan,69.2
2006,Bahamas,74.2
2006,Bahrain,75.5
2006,Bangladesh,68.2
2006,Barbados,74.1
2006,Belarus,68.9
2006,Belgium,79.4
2006,Belize,69.4
2006,Benin,56.8
2006,Bhutan,65.8
2006,Bolivia (Plurinational State of),66.2
2006,Bosnia and Herzegovina,75.7
2006,Botswana,54.8
2006,Brazil,73
2006,Brunei Darussalam,76.3
2006,Bulgaria,72.2
2006,Burkina Faso,54.3
2006,Burundi,54.1
2006,Cabo Verde,72.1
2006,Cambodia,64.1
2006,Cameroon,53.3
2006,Canada,85
2006,Central African Republic,46.3
2006,Chad,48.5
2006,Chile,78.9
2006,China,74.2
2006,Colombia,73.1
2006,Comoros,63
2006,Dem. Rep. Congo,56.9
2006,Costa Rica,78
2006,Côte d'Ivoire,49.4
2006,Croatia,75.9
2006,Cuba,78
2006,Cyprus,78.8
2006,Czechia,76.5
2006,Democratic People's Republic of Korea,68.5
2006,Democratic Republic of the Dem. Rep. Congo,55
2006,Denmark,78.1
2006,Djibouti,59.1
2006,Dominican Republic,72.3
2006,Ecuador,74.4
2006,Egypt,69.5
2006,El Salvador,75
2006,Equatorial Guinea,54.8
2006,Eritrea,59.7
2006,Estonia,73
2006,Ethiopia,57.2
2006,Fiji,68.5
2006,Finland,79.2
2006,France,86
2006,Gabon,61.4
2006,Gambia,58.2
2006,Georgia,73.9
2006,Germany,79.6
2006,Ghana,59.4
2006,Greece,79.7
2006,Grenada,71.7
2006,Guatemala,69.7
2006,Guinea,55.6
2006,Guinea-Bissau,54.4
2006,Guyana,65.2
2006,Haiti,61.1
2006,Honduras,72.8
2006,Hungary,73.4
2006,Iceland,81.1
2006,India,64.8
2006,Indonesia,67.3
2006,Iran (Islamic Republic of),72.2
2006,Iraq,64.7
2006,Ireland,79
2006,Israel,84
2006,Italy,81.2
2006,Jamaica,74
2006,Japan,82.4
2006,Jordan,72.8
2006,Kazakhstan,65
2006,Kenya,55.3
2006,Kiribati,65
2006,Kuwait,73.6
2006,Kyrgyzstan,66.7
2006,Lao People's Democratic Republic,61.5
2006,Latvia,75
2006,Lebanon,74.1
2006,Lesotho,45.3
2006,Liberia,56.7
2006,Libya,72.2
2006,Lithuania,76
2006,Luxembourg,79.4
2006,Madagascar,61.4
2006,Malawi,47.1
2006,Malaysia,73.6
2006,Maldives,75
2006,Mali,54.3
2006,Malta,79.3
2006,Mauritania,69
2006,Mauritius,71.8
2006,Mexico,75.8
2006,Micronesia (Federated States of),68
2006,Mongolia,65
2006,Montenegro,73.8
2006,Morocco,71
2006,Mozambique,51.2
2006,Myanmar,64.2
2006,Namibia,57
2006,Nepal,66
2006,Netherlands,79.8
2006,New Zealand,79.9
2006,Nicaragua,73
2006,Niger,54.5
2006,Nigeria,49.8
2006,Norway,84
2006,Oman,74.7
2006,Pakistan,64.2
2006,Panama,76.2
2006,Papua New Guinea,68
2006,Paraguay,72.3
2006,Peru,74.2
2006,Philippines,67.3
2006,Poland,75.2
2006,Portugal,78.5
2006,Qatar,76.6
2006,Republic of Korea,79.4
2006,Republic of Moldova,68
2006,Romania,72.5
2006,Russia,66.4
2006,Rwanda,57.6
2006,Saint Lucia,73.5
2006,Saint Vincent and the Grenadines,71.7
2006,Samoa,72
2006,Sao Tome and Principe,64.7
2006,Saudi Arabia,73.2
2006,Senegal,61.3
2006,Serbia,73.6
2006,Seychelles,72.2
2006,Sierra Leone,44.3
2006,Singapore,87
2006,Slovakia,74.3
2006,Slovenia,78.1
2006,Solomon Islands,67.6
2006,Somalia,51.5
2006,South Africa,54
2006,South Sudan,52.5
2006,Spain,88
2006,Sri Lanka,73.8
2006,Sudan,61
2006,Suriname,69.3
2006,Swaziland,47.8
2006,Sweden,88
2006,Switzerland,81.5
2006,Syrian Arab Republic,73.7
2006,Tajikistan,65.9
2006,Thailand,73
2006,The former Yugoslav republic of Macedonia,73.7
2006,Timor-Leste,64.9
2006,Togo,55.7
2006,Tonga,72.4
2006,Trinidad and Tobago,69.6
2006,Tunisia,74.4
2006,Turkey,72.8
2006,Turkmenistan,63.7
2006,Uganda,54.9
2006,Ukraine,67.7
2006,United Arab Emirates,75.4
2006,United Kingdom,79.3
2006,United Republic of Tanzania,53.1
2006,United States of America,77.8
2006,Uruguay,76.2
2006,Uzbekistan,67.6
2006,Vanuatu,71
2006,Venezuela (Bolivarian Republic of),73.6
2006,Viet Nam,74.6
2006,Yemen,63
2006,Zambia,58
2006,Zimbabwe,45.4
2007,Afghanistan,57.5
2007,Albania,75.9
2007,Algeria,73.8
2007,Angola,48.2
2007,Antigua and Barbuda,75
2007,Argentina,74.8
2007,Armenia,73.5
2007,Australia,81.3
2007,Austria,81
2007,Azerbaijan,73
2007,Bahamas,74.4
2007,Bahrain,75.6
2007,Bangladesh,68.6
2007,Barbados,74.2
2007,Belarus,69.8
2007,Belgium,79.5
2007,Belize,69.6
2007,Benin,57.1
2007,Bhutan,66.5
2007,Bolivia (Plurinational State of),66.8
2007,Bosnia and Herzegovina,75.4
2007,Botswana,56.9
2007,Brazil,73.3
2007,Brunei Darussalam,76
2007,Bulgaria,72.6
2007,Burkina Faso,55.3
2007,Burundi,54.8
2007,Cabo Verde,72.3
2007,Cambodia,65
2007,Cameroon,53.6
2007,Canada,85
2007,Central African Republic,46.8
2007,Chad,49.4
2007,Chile,78.9
2007,China,74.4
2007,Colombia,73.5
2007,Comoros,66
2007,Dem. Rep. Congo,58.2
2007,Costa Rica,78.9
2007,Côte d'Ivoire,49.9
2007,Croatia,75.8
2007,Cuba,78.1
2007,Cyprus,78.9
2007,Czechia,76.8
2007,Democratic People's Republic of Korea,68.5
2007,Democratic Republic of the Dem. Rep. Congo,55.7
2007,Denmark,78.4
2007,Djibouti,59.8
2007,Dominican Republic,72.9
2007,Ecuador,74.7
2007,Egypt,69.7
2007,El Salvador,71.2
2007,Equatorial Guinea,55
2007,Eritrea,62
2007,Estonia,73
2007,Ethiopia,58.5
2007,Fiji,68.6
2007,Finland,79.3
2007,France,89
2007,Gabon,61.6
2007,Gambia,58.5
2007,Georgia,74.4
2007,Germany,79.8
2007,Ghana,59.9
2007,Greece,79.4
2007,Grenada,71.9
2007,Guatemala,75
2007,Guinea,56.4
2007,Guinea-Bissau,55
2007,Guyana,65.7
2007,Haiti,61.8
2007,Honduras,73
2007,Hungary,73.5
2007,Iceland,81.3
2007,India,65.2
2007,Indonesia,67.5
2007,Iran (Islamic Republic of),72.4
2007,Iraq,65.9
2007,Ireland,79.5
2007,Israel,84
2007,Italy,81.3
2007,Jamaica,74.2
2007,Japan,82.6
2007,Jordan,73
2007,Kazakhstan,65.3
2007,Kenya,56.8
2007,Kiribati,65
2007,Kuwait,73.7
2007,Kyrgyzstan,67.2
2007,Lao People's Democratic Republic,62.1
2007,Latvia,78
2007,Lebanon,74.4
2007,Lesotho,46.2
2007,Liberia,57.9
2007,Libya,72.5
2007,Lithuania,72
2007,Luxembourg,79.7
2007,Madagascar,61.9
2007,Malawi,48.5
2007,Malaysia,73.7
2007,Maldives,75.4
2007,Mali,55
2007,Malta,79.6
2007,Mauritania,61.2
2007,Mauritius,72.9
2007,Mexico,76
2007,Micronesia (Federated States of),68.2
2007,Mongolia,65.9
2007,Montenegro,74.2
2007,Morocco,71.4
2007,Mozambique,52.1
2007,Myanmar,64.5
2007,Namibia,60
2007,Nepal,66.6
2007,Netherlands,82
2007,New Zealand,81
2007,Nicaragua,72.5
2007,Niger,55.2
2007,Nigeria,55
2007,Norway,85
2007,Oman,74.9
2007,Pakistan,64.4
2007,Panama,76.4
2007,Papua New Guinea,61.1
2007,Paraguay,72.5
2007,Peru,74
2007,Philippines,67.5
2007,Poland,75.3
2007,Portugal,78.7
2007,Qatar,76.7
2007,Republic of Korea,79.8
2007,Republic of Moldova,68.3
2007,Romania,72.9
2007,Russia,67.3
2007,Rwanda,59.6
2007,Saint Lucia,73.9
2007,Saint Vincent and the Grenadines,71.9
2007,Samoa,72.2
2007,Sao Tome and Principe,65.1
2007,Saudi Arabia,73.2
2007,Senegal,62.1
2007,Serbia,73.8
2007,Seychelles,72.2
2007,Sierra Leone,45.3
2007,Singapore,81.1
2007,Slovakia,74.4
2007,Slovenia,78.3
2007,Solomon Islands,67.6
2007,Somalia,51.5
2007,South Africa,54.5
2007,South Sudan,53.1
2007,Spain,89
2007,Sri Lanka,73.7
2007,Sudan,61.4
2007,Suriname,69.5
2007,Swaziland,50
2007,Sweden,89
2007,Switzerland,81.7
2007,Syrian Arab Republic,73.8
2007,Tajikistan,66.1
2007,Thailand,73.3
2007,The former Yugoslav republic of Macedonia,73.5
2007,Timor-Leste,65.8
2007,Togo,55.9
2007,Tonga,72.5
2007,Trinidad and Tobago,69.7
2007,Tunisia,74.6
2007,Turkey,73.2
2007,Turkmenistan,64.1
2007,Uganda,55.5
2007,Ukraine,67.5
2007,United Arab Emirates,75.6
2007,United Kingdom,79.5
2007,United Republic of Tanzania,54.5
2007,United States of America,78.1
2007,Uruguay,75.4
2007,Uzbekistan,67.8
2007,Vanuatu,73
2007,Venezuela (Bolivarian Republic of),73.4
2007,Viet Nam,74.7
2007,Yemen,63.4
2007,Zambia,52.6
2007,Zimbabwe,46.6
2008,Afghanistan,58.1
2008,Albania,75.3
2008,Algeria,74.1
2008,Angola,48.7
2008,Antigua and Barbuda,75.2
2008,Argentina,75.4
2008,Armenia,73.2
2008,Australia,81.3
2008,Austria,84
2008,Azerbaijan,73
2008,Bahamas,74.5
2008,Bahrain,75.8
2008,Bangladesh,69.1
2008,Barbados,74.4
2008,Belarus,70
2008,Belgium,79.5
2008,Belize,69.6
2008,Benin,57.6
2008,Bhutan,67
2008,Bolivia (Plurinational State of),67.4
2008,Bosnia and Herzegovina,76
2008,Botswana,57.5
2008,Brazil,73.4
2008,Brunei Darussalam,77.2
2008,Bulgaria,72.9
2008,Burkina Faso,56.1
2008,Burundi,55.3
2008,Cabo Verde,72.4
2008,Cambodia,65.6
2008,Cameroon,54.2
2008,Canada,87
2008,Central African Republic,47.6
2008,Chad,49.6
2008,Chile,79.6
2008,China,74.5
2008,Colombia,73.5
2008,Comoros,61
2008,Dem. Rep. Congo,59.4
2008,Costa Rica,78.9
2008,Côte d'Ivoire,54
2008,Croatia,76
2008,Cuba,77.9
2008,Cyprus,79.1
2008,Czechia,77
2008,Democratic People's Republic of Korea,68.6
2008,Democratic Republic of the Dem. Rep. Congo,56.3
2008,Denmark,78.8
2008,Djibouti,62
2008,Dominican Republic,73.3
2008,Ecuador,74.6
2008,Egypt,69.8
2008,El Salvador,71.7
2008,Equatorial Guinea,55.4
2008,Eritrea,67
2008,Estonia,74.2
2008,Ethiopia,59.8
2008,Fiji,68.7
2008,Finland,79.6
2008,France,89
2008,Gabon,61.6
2008,Gambia,58.7
2008,Georgia,73.9
2008,Germany,79.9
2008,Ghana,63
2008,Greece,79.9
2008,Grenada,72.1
2008,Guatemala,79
2008,Guinea,56.8
2008,Guinea-Bissau,55.6
2008,Guyana,66.3
2008,Haiti,62.1
2008,Honduras,73.2
2008,Hungary,74.1
2008,Iceland,81.4
2008,India,65.5
2008,Indonesia,67.7
2008,Iran (Islamic Republic of),72.7
2008,Iraq,69.3
2008,Ireland,79.8
2008,Israel,81
2008,Italy,81.5
2008,Jamaica,74.5
2008,Japan,82.7
2008,Jordan,73.1
2008,Kazakhstan,66.6
2008,Kenya,57.9
2008,Kiribati,65.1
2008,Kuwait,73.8
2008,Kyrgyzstan,67.6
2008,Lao People's Democratic Republic,62.6
2008,Latvia,71.9
2008,Lebanon,74.5
2008,Lesotho,47.8
2008,Liberia,58.6
2008,Libya,72.6
2008,Lithuania,71.1
2008,Luxembourg,80
2008,Madagascar,62.3
2008,Malawi,50
2008,Malaysia,73.8
2008,Maldives,75.9
2008,Mali,55.5
2008,Malta,80
2008,Mauritania,61.4
2008,Mauritius,72.7
2008,Mexico,75.6
2008,Micronesia (Federated States of),68.4
2008,Mongolia,67.4
2008,Montenegro,74.6
2008,Morocco,71.8
2008,Mozambique,53.2
2008,Myanmar,59.2
2008,Namibia,61.7
2008,Nepal,67
2008,Netherlands,83
2008,New Zealand,81
2008,Nicaragua,72.5
2008,Niger,56
2008,Nigeria,59
2008,Norway,86
2008,Oman,75.2
2008,Pakistan,64.6
2008,Panama,76.5
2008,Papua New Guinea,61.4
2008,Paraguay,72.7
2008,Peru,73.9
2008,Philippines,67.5
2008,Poland,75.5
2008,Portugal,79
2008,Qatar,76.8
2008,Republic of Korea,83
2008,Republic of Moldova,68.9
2008,Romania,73.1
2008,Russia,67.5
2008,Rwanda,68
2008,Saint Lucia,74.1
2008,Saint Vincent and the Grenadines,72.1
2008,Samoa,72.5
2008,Sao Tome and Principe,65.4
2008,Saudi Arabia,73.3
2008,Senegal,62.8
2008,Serbia,74
2008,Seychelles,72.2
2008,Sierra Leone,46.2
2008,Singapore,81.4
2008,Slovakia,74.7
2008,Slovenia,78.9
2008,Solomon Islands,68
2008,Somalia,51.9
2008,South Africa,55.3
2008,South Sudan,53.6
2008,Spain,81.3
2008,Sri Lanka,72.3
2008,Sudan,61.8
2008,Suriname,69.8
2008,Swaziland,51.4
2008,Sweden,81.1
2008,Switzerland,82
2008,Syrian Arab Republic,73.8
2008,Tajikistan,66.4
2008,Thailand,73.5
2008,The former Yugoslav republic of Macedonia,74.2
2008,Timor-Leste,66.2
2008,Togo,56.2
2008,Tonga,72.6
2008,Trinidad and Tobago,69.9
2008,Tunisia,74.7
2008,Turkey,73.5
2008,Turkmenistan,64.5
2008,Uganda,56.3
2008,Ukraine,67.7
2008,United Arab Emirates,75.8
2008,United Kingdom,79.6
2008,United Republic of Tanzania,56.2
2008,United States of America,78.2
2008,Uruguay,76.4
2008,Uzbekistan,67.9
2008,Vanuatu,75
2008,Venezuela (Bolivarian Republic of),73.2
2008,Viet Nam,74.9
2008,Yemen,63.8
2008,Zambia,55.7
2008,Zimbabwe,48.2
2009,Afghanistan,58.6
2009,Albania,76.1
2009,Algeria,74.4
2009,Angola,49.1
2009,Antigua and Barbuda,75.4
2009,Argentina,75.6
2009,Armenia,73.3
2009,Australia,81.7
2009,Austria,82
2009,Azerbaijan,78
2009,Bahamas,74.6
2009,Bahrain,76
2009,Bangladesh,69.5
2009,Barbados,74.6
2009,Belarus,70
2009,Belgium,79.8
2009,Belize,69.5
2009,Benin,58.4
2009,Bhutan,67.4
2009,Bolivia (Plurinational State of),68
2009,Bosnia and Herzegovina,76.1
2009,Botswana,59.2
2009,Brazil,73.6
2009,Brunei Darussalam,76.8
2009,Bulgaria,73.2
2009,Burkina Faso,56.9
2009,Burundi,56.2
2009,Cabo Verde,72.4
2009,Cambodia,66.1
2009,Cameroon,54.8
2009,Canada,81
2009,Central African Republic,48.6
2009,Chad,57
2009,Chile,79.3
2009,China,74.9
2009,Colombia,73.6
2009,Comoros,61.3
2009,Dem. Rep. Congo,68
2009,Costa Rica,79.2
2009,Côte d'Ivoire,51
2009,Croatia,76.3
2009,Cuba,78.1
2009,Cyprus,79.3
2009,Czechia,77.1
2009,Democratic People's Republic of Korea,68.7
2009,Democratic Republic of the Dem. Rep. Congo,56.7
2009,Denmark,78.9
2009,Djibouti,69
2009,Dominican Republic,73.6
2009,Ecuador,75.1
2009,Egypt,69.9
2009,El Salvador,71.4
2009,Equatorial Guinea,55.7
2009,Eritrea,61.4
2009,Estonia,74.9
2009,Ethiopia,68
2009,Fiji,68.9
2009,Finland,79.7
2009,France,81.1
2009,Gabon,61.7
2009,Gambia,59
2009,Georgia,73.2
2009,Germany,80
2009,Ghana,66
2009,Greece,80
2009,Grenada,72.4
2009,Guatemala,76
2009,Guinea,57.3
2009,Guinea-Bissau,56.3
2009,Guyana,66.1
2009,Haiti,62.5
2009,Honduras,73.4
2009,Hungary,74.2
2009,Iceland,81.6
2009,India,66
2009,Indonesia,67.9
2009,Iran (Islamic Republic of),73.3
2009,Iraq,74
2009,Ireland,79.7
2009,Israel,81.5
2009,Italy,81.6
2009,Jamaica,74.7
2009,Japan,83
2009,Jordan,73.3
2009,Kazakhstan,67.8
2009,Kenya,59.1
2009,Kiribati,65.2
2009,Kuwait,73.9
2009,Kyrgyzstan,68.5
2009,Lao People's Democratic Republic,63.1
2009,Latvia,72.6
2009,Lebanon,74.7
2009,Lesotho,49.4
2009,Liberia,59.2
2009,Libya,72.7
2009,Lithuania,72.2
2009,Luxembourg,83
2009,Madagascar,62.8
2009,Malawi,51.5
2009,Malaysia,74
2009,Maldives,76.3
2009,Mali,56
2009,Malta,82
2009,Mauritania,61.7
2009,Mauritius,72.8
2009,Mexico,75.7
2009,Micronesia (Federated States of),68.5
2009,Mongolia,66.9
2009,Montenegro,75
2009,Morocco,72.3
2009,Mozambique,53.8
2009,Myanmar,65.2
2009,Namibia,62.4
2009,Nepal,67.5
2009,Netherlands,86
2009,New Zealand,85
2009,Nicaragua,73.2
2009,Niger,57.1
2009,Nigeria,51.6
2009,Norway,89
2009,Oman,75.4
2009,Pakistan,64.8
2009,Panama,76.8
2009,Papua New Guinea,61.6
2009,Paraguay,73
2009,Peru,73.8
2009,Philippines,68
2009,Poland,75.7
2009,Portugal,79.3
2009,Qatar,77
2009,Republic of Korea,86
2009,Republic of Moldova,69
2009,Romania,73.1
2009,Russia,68.2
2009,Rwanda,61
2009,Saint Lucia,74.3
2009,Saint Vincent and the Grenadines,72.3
2009,Samoa,76
2009,Sao Tome and Principe,65.8
2009,Saudi Arabia,73.4
2009,Senegal,63.5
2009,Serbia,74.1
2009,Seychelles,72.3
2009,Sierra Leone,47.1
2009,Singapore,81.7
2009,Slovakia,75
2009,Slovenia,79.1
2009,Solomon Islands,68.1
2009,Somalia,52.2
2009,South Africa,56.5
2009,South Sudan,54.3
2009,Spain,81.6
2009,Sri Lanka,71.8
2009,Sudan,62
2009,Suriname,70
2009,Swaziland,52.6
2009,Sweden,81.4
2009,Switzerland,82.1
2009,Syrian Arab Republic,73.8
2009,Tajikistan,66.7
2009,Thailand,73.7
2009,The former Yugoslav republic of Macedonia,74.4
2009,Timor-Leste,66.6
2009,Togo,56.7
2009,Tonga,72.5
2009,Trinidad and Tobago,71
2009,Tunisia,74.7
2009,Turkey,73.9
2009,Turkmenistan,65.6
2009,Uganda,57.5
2009,Ukraine,69.2
2009,United Arab Emirates,76
2009,United Kingdom,81
2009,United Republic of Tanzania,56.9
2009,United States of America,78.5
2009,Uruguay,76.6
2009,Uzbekistan,68
2009,Vanuatu,78
2009,Venezuela (Bolivarian Republic of),73.6
2009,Viet Nam,75
2009,Yemen,64.1
2009,Zambia,57.4
2009,Zimbabwe,50
2010,Afghanistan,58.8
2010,Albania,76.2
2010,Algeria,74.7
2010,Angola,49.6
2010,Antigua and Barbuda,75.6
2010,Argentina,75.5
2010,Armenia,73.5
2010,Australia,81.9
2010,Austria,84
2010,Azerbaijan,71.1
2010,Bahamas,75
2010,Bahrain,76.1
2010,Bangladesh,69.9
2010,Barbados,74.7
2010,Belarus,73
2010,Belgium,80
2010,Belize,69.5
2010,Benin,58.7
2010,Bhutan,67.9
2010,Bolivia (Plurinational State of),68.7
2010,Bosnia and Herzegovina,76.4
2010,Botswana,61.1
2010,Brazil,73.8
2010,Brunei Darussalam,76.9
2010,Bulgaria,73.4
2010,Burkina Faso,57.5
2010,Burundi,56.8
2010,Cabo Verde,72.5
2010,Cambodia,66.6
2010,Cameroon,55.3
2010,Canada,81.2
2010,Central African Republic,49.2
2010,Chad,51.2
2010,Chile,79.1
2010,China,75
2010,Colombia,73.6
2010,Comoros,61.8
2010,Dem. Rep. Congo,62
2010,Costa Rica,78.1
2010,Côte d'Ivoire,51.5
2010,Croatia,76.6
2010,Cuba,78
2010,Cyprus,79.5
2010,Czechia,77.5
2010,Democratic People's Republic of Korea,69
2010,Democratic Republic of the Dem. Rep. Congo,57.4
2010,Denmark,79.2
2010,Djibouti,61.3
2010,Dominican Republic,72.7
2010,Ecuador,75
2010,Egypt,70
2010,El Salvador,72
2010,Equatorial Guinea,56.1
2010,Eritrea,62.1
2010,Estonia,75.6
2010,Ethiopia,61.8
2010,Fiji,69.1
2010,Finland,79.9
2010,France,81.3
2010,Gabon,62.3
2010,Gambia,59.3
2010,Georgia,73.8
2010,Germany,81
2010,Ghana,69
2010,Greece,83
2010,Grenada,72.6
2010,Guatemala,77
2010,Guinea,57.8
2010,Guinea-Bissau,56.7
2010,Guyana,65.9
2010,Haiti,36.3
2010,Honduras,73.6
2010,Hungary,74.5
2010,Iceland,81.8
2010,India,66.4
2010,Indonesia,68.1
2010,Iran (Islamic Republic of),74.1
2010,Iraq,76
2010,Ireland,86
2010,Israel,81.7
2010,Italy,81.8
2010,Jamaica,75
2010,Japan,83
2010,Jordan,73.4
2010,Kazakhstan,67.8
2010,Kenya,63
2010,Kiribati,65.3
2010,Kuwait,74
2010,Kyrgyzstan,68.8
2010,Lao People's Democratic Republic,63.6
2010,Latvia,72.8
2010,Lebanon,74.9
2010,Lesotho,51.1
2010,Liberia,59.7
2010,Libya,72.8
2010,Lithuania,72.4
2010,Luxembourg,86
2010,Madagascar,63.3
2010,Malawi,52.9
2010,Malaysia,74.1
2010,Maldives,76.7
2010,Mali,56.5
2010,Malta,83
2010,Mauritania,62
2010,Mauritius,73.3
2010,Mexico,75.6
2010,Micronesia (Federated States of),68.7
2010,Mongolia,66.3
2010,Montenegro,75.3
2010,Morocco,72.8
2010,Mozambique,54
2010,Myanmar,65.4
2010,Namibia,63
2010,Nepal,68
2010,Netherlands,88
2010,New Zealand,89
2010,Nicaragua,73.2
2010,Niger,58.2
2010,Nigeria,52
2010,Norway,81
2010,Oman,75.6
2010,Pakistan,65.1
2010,Panama,76.5
2010,Papua New Guinea,61.8
2010,Paraguay,73.2
2010,Peru,73.7
2010,Philippines,67.9
2010,Poland,76.3
2010,Portugal,79.6
2010,Qatar,77.3
2010,Republic of Korea,87
2010,Republic of Moldova,68.8
2010,Romania,73.4
2010,Russia,68.4
2010,Rwanda,62.8
2010,Saint Lucia,74.2
2010,Saint Vincent and the Grenadines,72.5
2010,Samoa,72.6
2010,Sao Tome and Principe,66.2
2010,Saudi Arabia,73.7
2010,Senegal,64.3
2010,Serbia,74.4
2010,Seychelles,72.4
2010,Sierra Leone,48.1
2010,Singapore,82
2010,Slovakia,75.1
2010,Slovenia,79.5
2010,Solomon Islands,68.3
2010,Somalia,52.4
2010,South Africa,58
2010,South Sudan,55
2010,Spain,81.9
2010,Sri Lanka,74.5
2010,Sudan,62.5
2010,Suriname,73
2010,Swaziland,53.6
2010,Sweden,81.5
2010,Switzerland,82.3
2010,Syrian Arab Republic,73.7
2010,Tajikistan,67.3
2010,Thailand,73.9
2010,The former Yugoslav republic of Macedonia,74.7
2010,Timor-Leste,66.9
2010,Togo,57.4
2010,Tonga,72.8
2010,Trinidad and Tobago,74
2010,Tunisia,74.8
2010,Turkey,74.2
2010,Turkmenistan,65.8
2010,Uganda,58.4
2010,Ukraine,69.8
2010,United Arab Emirates,76.2
2010,United Kingdom,82
2010,United Republic of Tanzania,57.5
2010,United States of America,78.7
2010,Uruguay,76.3
2010,Uzbekistan,68.3
2010,Vanuatu,71
2010,Venezuela (Bolivarian Republic of),73.7
2010,Viet Nam,75.2
2010,Yemen,64.4
2010,Zambia,58
2010,Zimbabwe,52.4
2011,Afghanistan,59.2
2011,Albania,76.6
2011,Algeria,74.9
2011,Angola,51
2011,Antigua and Barbuda,75.7
2011,Argentina,75.7
2011,Armenia,73.9
2011,Australia,82
2011,Austria,88
2011,Azerbaijan,71.6
2011,Bahamas,75
2011,Bahrain,76.1
2011,Bangladesh,73
2011,Barbados,74.9
2011,Belarus,72
2011,Belgium,83
2011,Belize,69.4
2011,Benin,59.1
2011,Bhutan,68.3
2011,Bolivia (Plurinational State of),69.3
2011,Bosnia and Herzegovina,76.9
2011,Botswana,62.2
2011,Brazil,74.1
2011,Brunei Darussalam,77.4
2011,Bulgaria,73.7
2011,Burkina Faso,58.1
2011,Burundi,57.4
2011,Cabo Verde,72.6
2011,Cambodia,67
2011,Cameroon,55.6
2011,Canada,81.5
2011,Central African Republic,49.8
2011,Chad,51.6
2011,Chile,79.8
2011,China,75.2
2011,Colombia,74.2
2011,Comoros,62.2
2011,Dem. Rep. Congo,62.9
2011,Costa Rica,79
2011,Côte d'Ivoire,51.7
2011,Croatia,77
2011,Cuba,78.8
2011,Cyprus,79.7
2011,Czechia,77.8
2011,Democratic People's Republic of Korea,69.4
2011,Democratic Republic of the Dem. Rep. Congo,57.9
2011,Denmark,79.7
2011,Djibouti,61.8
2011,Dominican Republic,73.1
2011,Ecuador,75.3
2011,Egypt,74
2011,El Salvador,72
2011,Equatorial Guinea,56.2
2011,Eritrea,62.9
2011,Estonia,76.1
2011,Ethiopia,62.6
2011,Fiji,69.2
2011,Finland,83
2011,France,81.7
2011,Gabon,62.8
2011,Gambia,59.8
2011,Georgia,73.9
2011,Germany,85
2011,Ghana,61.2
2011,Greece,85
2011,Grenada,72.9
2011,Guatemala,71.1
2011,Guinea,58.1
2011,Guinea-Bissau,57.1
2011,Guyana,65.6
2011,Haiti,62.3
2011,Honduras,73.9
2011,Hungary,74.8
2011,Iceland,82.1
2011,India,66.8
2011,Indonesia,68.3
2011,Iran (Islamic Republic of),74.7
2011,Iraq,77
2011,Ireland,84
2011,Israel,81.8
2011,Italy,82
2011,Jamaica,75.2
2011,Japan,82.5
2011,Jordan,73.6
2011,Kazakhstan,68.5
2011,Kenya,61.2
2011,Kiribati,65.5
2011,Kuwait,74.2
2011,Kyrgyzstan,69.4
2011,Lao People's Democratic Republic,64
2011,Latvia,73.6
2011,Lebanon,75
2011,Lesotho,52.3
2011,Liberia,62
2011,Libya,71.3
2011,Lithuania,72.8
2011,Luxembourg,88
2011,Madagascar,63.8
2011,Malawi,54.1
2011,Malaysia,74.3
2011,Maldives,77.3
2011,Mali,56.8
2011,Malta,87
2011,Mauritania,62.2
2011,Mauritius,73.6
2011,Mexico,76.1
2011,Micronesia (Federated States of),68.9
2011,Mongolia,67.3
2011,Montenegro,75.4
2011,Morocco,73.3
2011,Mozambique,54.3
2011,Myanmar,65.6
2011,Namibia,64.3
2011,Nepal,68.4
2011,Netherlands,81.1
2011,New Zealand,86
2011,Nicaragua,74.5
2011,Niger,59.4
2011,Nigeria,52.3
2011,Norway,81.1
2011,Oman,75.8
2011,Pakistan,65.5
2011,Panama,77.3
2011,Papua New Guinea,62
2011,Paraguay,73.4
2011,Peru,74.5
2011,Philippines,68
2011,Poland,76.7
2011,Portugal,82
2011,Qatar,77.5
2011,Republic of Korea,81.1
2011,Republic of Moldova,77
2011,Romania,74.3
2011,Russia,69.4
2011,Rwanda,63.8
2011,Saint Lucia,74.6
2011,Saint Vincent and the Grenadines,72.7
2011,Samoa,73
2011,Sao Tome and Principe,66.6
2011,Saudi Arabia,73.9
2011,Senegal,64.9
2011,Serbia,74.6
2011,Seychelles,72.6
2011,Sierra Leone,48.9
2011,Singapore,82.2
2011,Slovakia,75.6
2011,Slovenia,79.8
2011,Solomon Islands,68.5
2011,Somalia,53.1
2011,South Africa,58.9
2011,South Sudan,55.4
2011,Spain,82.1
2011,Sri Lanka,74.5
2011,Sudan,62.7
2011,Suriname,76
2011,Swaziland,55
2011,Sweden,81.7
2011,Switzerland,82.6
2011,Syrian Arab Republic,71.7
2011,Tajikistan,68.1
2011,Thailand,74.1
2011,The former Yugoslav republic of Macedonia,74.9
2011,Timor-Leste,67.2
2011,Togo,58.3
2011,Tonga,72.9
2011,Trinidad and Tobago,76
2011,Tunisia,74.8
2011,Turkey,74.5
2011,Turkmenistan,65.6
2011,Uganda,59.3
2011,Ukraine,75
2011,United Arab Emirates,76.3
2011,United Kingdom,86
2011,United Republic of Tanzania,58.3
2011,United States of America,78.7
2011,Uruguay,77
2011,Uzbekistan,68.5
2011,Vanuatu,71.2
2011,Venezuela (Bolivarian Republic of),73.8
2011,Viet Nam,75.4
2011,Yemen,64.6
2011,Zambia,58.2
2011,Zimbabwe,54.9
2012,Afghanistan,59.5
2012,Albania,76.9
2012,Algeria,75.1
2012,Angola,56
2012,Antigua and Barbuda,75.9
2012,Argentina,75.9
2012,Armenia,74.4
2012,Australia,82.3
2012,Austria,88
2012,Azerbaijan,71.9
2012,Bahamas,74.9
2012,Bahrain,76.5
2012,Bangladesh,77
2012,Barbados,75.1
2012,Belarus,71.9
2012,Belgium,83
2012,Belize,69.4
2012,Benin,59.3
2012,Bhutan,68.7
2012,Bolivia (Plurinational State of),69.8
2012,Bosnia and Herzegovina,76.8
2012,Botswana,63.4
2012,Brazil,74.5
2012,Brunei Darussalam,78.3
2012,Bulgaria,73.9
2012,Burkina Faso,58.6
2012,Burundi,58
2012,Cabo Verde,72.7
2012,Cambodia,67.4
2012,Cameroon,55.9
2012,Canada,81.6
2012,Central African Republic,53
2012,Chad,51.8
2012,Chile,79.9
2012,China,75.4
2012,Colombia,74.3
2012,Comoros,62.5
2012,Dem. Rep. Congo,63.7
2012,Costa Rica,79.2
2012,Côte d'Ivoire,52
2012,Croatia,77.1
2012,Cuba,78.7
2012,Cyprus,80
2012,Czechia,78
2012,Democratic People's Republic of Korea,69.8
2012,Democratic Republic of the Dem. Rep. Congo,58.3
2012,Denmark,80
2012,Djibouti,62.2
2012,Dominican Republic,72.1
2012,Ecuador,75.5
2012,Egypt,72
2012,El Salvador,73
2012,Equatorial Guinea,56.7
2012,Eritrea,63.6
2012,Estonia,76.3
2012,Ethiopia,63.3
2012,Fiji,69.4
2012,Finland,84
2012,France,81.5
2012,Gabon,63.5
2012,Gambia,62
2012,Georgia,74.2
2012,Germany,86
2012,Ghana,61.6
2012,Greece,84
2012,Grenada,73.1
2012,Guatemala,71.3
2012,Guinea,58.4
2012,Guinea-Bissau,57.6
2012,Guyana,65.8
2012,Haiti,62.3
2012,Honduras,74.1
2012,Hungary,75
2012,Iceland,82.5
2012,India,67.3
2012,Indonesia,68.5
2012,Iran (Islamic Republic of),75.1
2012,Iraq,76
2012,Ireland,85
2012,Israel,81.8
2012,Italy,82
2012,Jamaica,75.3
2012,Japan,83.3
2012,Jordan,73.7
2012,Kazakhstan,69.1
2012,Kenya,62.1
2012,Kiribati,65.7
2012,Kuwait,74.3
2012,Kyrgyzstan,69.9
2012,Lao People's Democratic Republic,64.4
2012,Latvia,73.8
2012,Lebanon,75
2012,Lesotho,52.2
2012,Liberia,67
2012,Libya,72.9
2012,Lithuania,73
2012,Luxembourg,81.1
2012,Madagascar,64.3
2012,Malawi,55.3
2012,Malaysia,74.5
2012,Maldives,77.6
2012,Mali,57.2
2012,Malta,81
2012,Mauritania,62.5
2012,Mauritius,73.9
2012,Mexico,76.3
2012,Micronesia (Federated States of),69
2012,Mongolia,67.8
2012,Montenegro,75.6
2012,Morocco,73.6
2012,Mozambique,54.8
2012,Myanmar,65.9
2012,Namibia,65.8
2012,Nepal,68.9
2012,Netherlands,81.1
2012,New Zealand,81.1
2012,Nicaragua,73.9
2012,Niger,63
2012,Nigeria,52.7
2012,Norway,81.3
2012,Oman,76
2012,Pakistan,65.7
2012,Panama,77.2
2012,Papua New Guinea,62.2
2012,Paraguay,73.6
2012,Peru,74.9
2012,Philippines,68.1
2012,Poland,76.8
2012,Portugal,83
2012,Qatar,77.8
2012,Republic of Korea,81.2
2012,Republic of Moldova,79
2012,Romania,74.4
2012,Russia,69.6
2012,Rwanda,64.6
2012,Saint Lucia,74.7
2012,Saint Vincent and the Grenadines,72.8
2012,Samoa,73.2
2012,Sao Tome and Principe,66.9
2012,Saudi Arabia,74.1
2012,Senegal,65.6
2012,Serbia,74.9
2012,Seychelles,72.7
2012,Sierra Leone,49.7
2012,Singapore,82.5
2012,Slovakia,75.8
2012,Slovenia,82
2012,Solomon Islands,68.7
2012,Somalia,53.1
2012,South Africa,59.2
2012,South Sudan,56
2012,Spain,82
2012,Sri Lanka,74.5
2012,Sudan,63.2
2012,Suriname,71.3
2012,Swaziland,56.5
2012,Sweden,81.7
2012,Switzerland,82.7
2012,Syrian Arab Republic,62.8
2012,Tajikistan,68.8
2012,Thailand,74.3
2012,The former Yugoslav republic of Macedonia,75.1
2012,Timor-Leste,67.4
2012,Togo,58.9
2012,Tonga,73
2012,Trinidad and Tobago,78
2012,Tunisia,74.9
2012,Turkey,74.8
2012,Turkmenistan,65.6
2012,Uganda,60
2012,Ukraine,77
2012,United Arab Emirates,76.5
2012,United Kingdom,86
2012,United Republic of Tanzania,58.6
2012,United States of America,78.8
2012,Uruguay,76.5
2012,Uzbekistan,68.8
2012,Vanuatu,71.4
2012,Venezuela (Bolivarian Republic of),73.7
2012,Viet Nam,75.6
2012,Yemen,64.7
2012,Zambia,59.2
2012,Zimbabwe,56.6
2013,Afghanistan,59.9
2013,Albania,77.2
2013,Algeria,75.3
2013,Angola,51.1
2013,Antigua and Barbuda,76.1
2013,Argentina,76
2013,Armenia,74.4
2013,Australia,82.5
2013,Austria,81.1
2013,Azerbaijan,72.2
2013,Bahamas,74.8
2013,Bahrain,76.7
2013,Bangladesh,71
2013,Barbados,75.2
2013,Belarus,71.7
2013,Belgium,87
2013,Belize,69.8
2013,Benin,59.5
2013,Bhutan,69.1
2013,Bolivia (Plurinational State of),71
2013,Bosnia and Herzegovina,77
2013,Botswana,64.2
2013,Brazil,74.7
2013,Brunei Darussalam,77.1
2013,Bulgaria,74.1
2013,Burkina Faso,59
2013,Burundi,58.6
2013,Cabo Verde,72.8
2013,Cambodia,67.8
2013,Cameroon,56.4
2013,Canada,81.8
2013,Central African Republic,49.9
2013,Chad,52.2
2013,Chile,81
2013,China,75.6
2013,Colombia,74.4
2013,Comoros,62.9
2013,Dem. Rep. Congo,63.9
2013,Cook Islands,
2013,Costa Rica,79.4
2013,Côte d'Ivoire,52.3
2013,Croatia,77.7
2013,Cuba,78.7
2013,Cyprus,81
2013,Czechia,78.2
2013,Democratic People's Republic of Korea,71
2013,Democratic Republic of the Dem. Rep. Congo,58.8
2013,Denmark,81
2013,Djibouti,62.7
2013,Dominica,
2013,Dominican Republic,73.4
2013,Ecuador,76
2013,Egypt,79
2013,El Salvador,73
2013,Equatorial Guinea,57.4
2013,Eritrea,64
2013,Estonia,76.9
2013,Ethiopia,63.7
2013,Fiji,69.6
2013,Finland,87
2013,France,82
2013,Gabon,64.6
2013,Gambia,66
2013,Georgia,74.5
2013,Germany,86
2013,Ghana,61.9
2013,Greece,86
2013,Grenada,73.3
2013,Guatemala,71.4
2013,Guinea,58.8
2013,Guinea-Bissau,58.1
2013,Guyana,65.9
2013,Haiti,62.7
2013,Honduras,74.3
2013,Hungary,75.5
2013,Iceland,82.4
2013,India,67.6
2013,Indonesia,68.7
2013,Iran (Islamic Republic of),75.3
2013,Iraq,69.5
2013,Ireland,81
2013,Israel,82.1
2013,Italy,82.3
2013,Jamaica,75.6
2013,Japan,83.5
2013,Jordan,73.9
2013,Kazakhstan,69.5
2013,Kenya,62.6
2013,Kiribati,65.8
2013,Kuwait,74.5
2013,Kyrgyzstan,77
2013,Lao People's Democratic Republic,64.9
2013,Latvia,74.1
2013,Lebanon,74.9
2013,Lesotho,52.1
2013,Liberia,61.1
2013,Libya,72.9
2013,Lithuania,73
2013,Luxembourg,81.4
2013,Madagascar,64.7
2013,Malawi,56.7
2013,Malaysia,74.6
2013,Maldives,77.9
2013,Mali,57.3
2013,Malta,81.1
2013,Marshall Islands,
2013,Mauritania,62.7
2013,Mauritius,74.1
2013,Mexico,76.6
2013,Micronesia (Federated States of),69.2
2013,Monaco,
2013,Mongolia,68.1
2013,Montenegro,75.8
2013,Morocco,73.9
2013,Mozambique,55.3
2013,Myanmar,66.2
2013,Namibia,66.1
2013,Nauru,
2013,Nepal,69.3
2013,Netherlands,81.4
2013,New Zealand,81.3
2013,Nicaragua,73.9
2013,Niger,69
2013,Nigeria,53.2
2013,Niue,
2013,Norway,81.5
2013,Oman,76.2
2013,Pakistan,66
2013,Palau,
2013,Panama,77.5
2013,Papua New Guinea,62.4
2013,Paraguay,73.8
2013,Peru,75.3
2013,Philippines,68.1
2013,Poland,77.1
2013,Portugal,86
2013,Qatar,77.9
2013,Republic of Korea,81.7
2013,Republic of Moldova,71.7
2013,Romania,74.6
2013,Russia,70
2013,Rwanda,65.2
2013,Saint Kitts and Nevis,
2013,Saint Lucia,74.8
2013,Saint Vincent and the Grenadines,72.7
2013,Samoa,73.6
2013,San Marino,
2013,Sao Tome and Principe,67.1
2013,Saudi Arabia,74.3
2013,Senegal,66
2013,Serbia,75.3
2013,Seychelles,72.9
2013,Sierra Leone,54
2013,Singapore,82.7
2013,Slovakia,76.1
2013,Slovenia,85
2013,Solomon Islands,68.8
2013,Somalia,54.2
2013,South Africa,69
2013,South Sudan,56.4
2013,Spain,82.4
2013,Sri Lanka,74.6
2013,Sudan,63.5
2013,Suriname,71.2
2013,Swaziland,57.6
2013,Sweden,81.9
2013,Switzerland,83
2013,Syrian Arab Republic,63.6
2013,Tajikistan,69.3
2013,Thailand,74.5
2013,The former Yugoslav republic of Macedonia,75.3
2013,Timor-Leste,67.7
2013,Togo,59.4
2013,Tonga,73.2
2013,Trinidad and Tobago,71
2013,Tunisia,74.9
2013,Turkey,75.2
2013,Turkmenistan,65.4
2013,Tuvalu,
2013,Uganda,67
2013,Ukraine,71
2013,United Arab Emirates,76.7
2013,United Kingdom,87
2013,United Republic of Tanzania,59.7
2013,United States of America,78.9
2013,Uruguay,76.8
2013,Uzbekistan,69.1
2013,Vanuatu,71.6
2013,Venezuela (Bolivarian Republic of),73.8
2013,Viet Nam,75.7
2013,Yemen,65.4
2013,Zambia,63
2013,Zimbabwe,58
2014,Afghanistan,59.9
2014,Albania,77.5
2014,Algeria,75.4
2014,Angola,51.7
2014,Antigua and Barbuda,76.2
2014,Argentina,76.2
2014,Armenia,74.6
2014,Australia,82.7
2014,Austria,81.4
2014,Azerbaijan,72.5
2014,Bahamas,75.4
2014,Bahrain,76.8
2014,Bangladesh,71.4
2014,Barbados,75.4
2014,Belarus,72
2014,Belgium,89
2014,Belize,70
2014,Benin,59.7
2014,Bhutan,69.4
2014,Bolivia (Plurinational State of),74
2014,Bosnia and Herzegovina,77.2
2014,Botswana,65.1
2014,Brazil,74.8
2014,Brunei Darussalam,77.6
2014,Bulgaria,74.3
2014,Burkina Faso,59.3
2014,Burundi,59.1
2014,Cabo Verde,73
2014,Cambodia,68.3
2014,Cameroon,56.7
2014,Canada,82
2014,Central African Republic,58
2014,Chad,52.6
2014,Chile,83
2014,China,75.8
2014,Colombia,74.6
2014,Comoros,63.2
2014,Dem. Rep. Congo,64.2
2014,Costa Rica,79.5
2014,Côte d'Ivoire,52.8
2014,Croatia,77.8
2014,Cuba,79
2014,Cyprus,83
2014,Czechia,78.6
2014,Democratic People's Republic of Korea,73
2014,Democratic Republic of the Dem. Rep. Congo,59.3
2014,Denmark,84
2014,Djibouti,63
2014,Dominican Republic,73.6
2014,Ecuador,76
2014,Egypt,78
2014,El Salvador,73.3
2014,Equatorial Guinea,57.9
2014,Eritrea,64.4
2014,Estonia,77.3
2014,Ethiopia,64.2
2014,Fiji,69.7
2014,Finland,89
2014,France,82.2
2014,Gabon,65.5
2014,Gambia,68
2014,Georgia,74.5
2014,Germany,89
2014,Ghana,62.1
2014,Greece,88
2014,Grenada,73.5
2014,Guatemala,71.7
2014,Guinea,58.1
2014,Guinea-Bissau,58.4
2014,Guyana,66
2014,Haiti,63.1
2014,Honduras,74.5
2014,Hungary,75.6
2014,Iceland,82.5
2014,India,68
2014,Indonesia,68.9
2014,Iran (Islamic Republic of),75.4
2014,Iraq,67.9
2014,Ireland,81.2
2014,Israel,82.2
2014,Italy,82.5
2014,Jamaica,75.8
2014,Japan,83.5
2014,Jordan,74
2014,Kazakhstan,69.9
2014,Kenya,62.9
2014,Kiribati,66.1
2014,Kuwait,74.6
2014,Kyrgyzstan,78
2014,Lao People's Democratic Republic,65.3
2014,Latvia,74.4
2014,Lebanon,74.8
2014,Lesotho,52.1
2014,Liberia,58.1
2014,Libya,72.4
2014,Lithuania,73.4
2014,Luxembourg,81.7
2014,Madagascar,65.1
2014,Malawi,57.6
2014,Malaysia,74.8
2014,Maldives,78.2
2014,Mali,57.8
2014,Malta,81.4
2014,Mauritania,63
2014,Mauritius,74.2
2014,Mexico,76.6
2014,Micronesia (Federated States of),69.4
2014,Mongolia,68.4
2014,Montenegro,75.9
2014,Morocco,74.1
2014,Mozambique,56.7
2014,Myanmar,66.4
2014,Namibia,65.9
2014,Nepal,69.6
2014,Netherlands,81.7
2014,New Zealand,81.5
2014,Nicaragua,74.5
2014,Niger,61.4
2014,Nigeria,53.6
2014,Norway,81.6
2014,Oman,76.4
2014,Pakistan,66.2
2014,Panama,77.6
2014,Papua New Guinea,62.7
2014,Paraguay,73.9
2014,Peru,75.3
2014,Philippines,68.4
2014,Poland,77.3
2014,Portugal,89
2014,Qatar,78.1
2014,Republic of Korea,82
2014,Republic of Moldova,71.8
2014,Romania,74.8
2014,Russia,73
2014,Rwanda,65.7
2014,Saint Lucia,75
2014,Saint Vincent and the Grenadines,73.1
2014,Samoa,73.8
2014,Sao Tome and Principe,67.3
2014,Saudi Arabia,74.4
2014,Senegal,66.4
2014,Serbia,75.4
2014,Seychelles,73
2014,Sierra Leone,48.1
2014,Singapore,82.9
2014,Slovakia,76.4
2014,Slovenia,87
2014,Solomon Islands,68.8
2014,Somalia,54.3
2014,South Africa,62
2014,South Sudan,56.6
2014,Spain,82.6
2014,Sri Lanka,74.7
2014,Sudan,63.8
2014,Suriname,71.4
2014,Swaziland,58.4
2014,Sweden,82.3
2014,Switzerland,83.2
2014,Syrian Arab Republic,64.4
2014,Tajikistan,69.6
2014,Thailand,74.6
2014,The former Yugoslav republic of Macedonia,75.5
2014,Timor-Leste,68
2014,Togo,59.7
2014,Tonga,73.3
2014,Trinidad and Tobago,71.1
2014,Tunisia,75.1
2014,Turkey,75.5
2014,Turkmenistan,66
2014,Uganda,61.5
2014,Ukraine,78
2014,United Arab Emirates,76.9
2014,United Kingdom,81
2014,United Republic of Tanzania,67
2014,United States of America,79.1
2014,Uruguay,76.8
2014,Uzbekistan,69.2
2014,Vanuatu,71.7
2014,Venezuela (Bolivarian Republic of),73.9
2014,Viet Nam,75.9
2014,Yemen,65.4
2014,Zambia,61.1
2014,Zimbabwe,59.2
2015,Afghanistan,65
2015,Albania,77.8
2015,Algeria,75.6
2015,Angola,52.4
2015,Antigua and Barbuda,76.4
2015,Argentina,76.3
2015,Armenia,74.8
2015,Australia,82.8
2015,Austria,81.5
2015,Azerbaijan,72.7
2015,Bahamas,76.1
2015,Bahrain,76.9
2015,Bangladesh,71.8
2015,Barbados,75.5
2015,Belarus,72.3
2015,Belgium,81.1
2015,Belize,71
2015,Benin,60
2015,Bhutan,69.8
2015,Bolivia (Plurinational State of),77
2015,Bosnia and Herzegovina,77.4
2015,Botswana,65.7
2015,Brazil,75
2015,Brunei Darussalam,77.7
2015,Bulgaria,74.5
2015,Burkina Faso,59.9
2015,Burundi,59.6
2015,Cabo Verde,73.3
2015,Cambodia,68.7
2015,Cameroon,57.3
2015,Canada,82.2
2015,Central African Republic,52.5
2015,Chad,53.1
2015,Chile,85
2015,China,76.1
2015,Colombia,74.8
2015,Comoros,63.5
2015,Dem. Rep. Congo,64.7
2015,Costa Rica,79.6
2015,Côte d'Ivoire,53.3
2015,Croatia,78
2015,Cuba,79.1
2015,Cyprus,85
2015,Czechia,78.8
2015,Democratic People's Republic of Korea,76
2015,Democratic Republic of the Dem. Rep. Congo,59.8
2015,Denmark,86
2015,Djibouti,63.5
2015,Dominican Republic,73.9
2015,Ecuador,76.2
2015,Egypt,79
2015,El Salvador,73.5
2015,Equatorial Guinea,58.2
2015,Eritrea,64.7
2015,Estonia,77.6
2015,Ethiopia,64.8
2015,Fiji,69.9
2015,Finland,81.1
2015,France,82.4
2015,Gabon,66
2015,Gambia,61.1
2015,Georgia,74.4
2015,Germany,81
2015,Ghana,62.4
2015,Greece,81
2015,Grenada,73.6
2015,Guatemala,71.9
2015,Guinea,59
2015,Guinea-Bissau,58.9
2015,Guyana,66.2
2015,Haiti,63.5
2015,Honduras,74.6
2015,Hungary,75.8
2015,Iceland,82.7
2015,India,68.3
2015,Indonesia,69.1
2015,Iran (Islamic Republic of),75.5
2015,Iraq,68.9
2015,Ireland,81.4
2015,Israel,82.5
2015,Italy,82.7
2015,Jamaica,76.2
2015,Japan,83.7
2015,Jordan,74.1
2015,Kazakhstan,72
2015,Kenya,63.4
2015,Kiribati,66.3
2015,Kuwait,74.7
2015,Kyrgyzstan,71.1
2015,Lao People's Democratic Republic,65.7
2015,Latvia,74.6
2015,Lebanon,74.9
2015,Lesotho,53.7
2015,Liberia,61.4
2015,Libya,72.7
2015,Lithuania,73.6
2015,Luxembourg,82
2015,Madagascar,65.5
2015,Malawi,58.3
2015,Malaysia,75
2015,Maldives,78.5
2015,Mali,58.2
2015,Malta,81.7
2015,Mauritania,63.1
2015,Mauritius,74.6
2015,Mexico,76.7
2015,Micronesia (Federated States of),69.4
2015,Mongolia,68.8
2015,Montenegro,76.1
2015,Morocco,74.3
2015,Mozambique,57.6
2015,Myanmar,66.6
2015,Namibia,65.8
2015,Nepal,69.2
2015,Netherlands,81.9
2015,New Zealand,81.6
2015,Nicaragua,74.8
2015,Niger,61.8
2015,Nigeria,54.5
2015,Norway,81.8
2015,Oman,76.6
2015,Pakistan,66.4
2015,Panama,77.8
2015,Papua New Guinea,62.9
2015,Paraguay,74
2015,Peru,75.5
2015,Philippines,68.5
2015,Poland,77.5
2015,Portugal,81.1
2015,Qatar,78.2
2015,Republic of Korea,82.3
2015,Republic of Moldova,72.1
2015,Romania,75
2015,Russia,75
2015,Rwanda,66.1
2015,Saint Lucia,75.2
2015,Saint Vincent and the Grenadines,73.2
2015,Samoa,74
2015,Sao Tome and Principe,67.5
2015,Saudi Arabia,74.5
2015,Senegal,66.7
2015,Serbia,75.6
2015,Seychelles,73.2
2015,Sierra Leone,51
2015,Singapore,83.1
2015,Slovakia,76.7
2015,Slovenia,88
2015,Solomon Islands,69.2
2015,Somalia,55
2015,South Africa,62.9
2015,South Sudan,57.3
2015,Spain,82.8
2015,Sri Lanka,74.9
2015,Sudan,64.1
2015,Suriname,71.6
2015,Swaziland,58.9
2015,Sweden,82.4
2015,Switzerland,83.4
2015,Syrian Arab Republic,64.5
2015,Tajikistan,69.7
2015,Thailand,74.9
2015,The former Yugoslav republic of Macedonia,75.7
2015,Timor-Leste,68.3
2015,Togo,59.9
2015,Tonga,73.5
2015,Trinidad and Tobago,71.2
2015,Tunisia,75.3
2015,Turkey,75.8
2015,Turkmenistan,66.3
2015,Uganda,62.3
2015,Ukraine,71.3
2015,United Arab Emirates,77.1
2015,United Kingdom,81.2
2015,United Republic of Tanzania,61.8
2015,United States of America,79.3
2015,Uruguay,77
2015,Uzbekistan,69.4
2015,Vanuatu,72
2015,Venezuela (Bolivarian Republic of),74.1
2015,Viet Nam,76
2015,Yemen,65.7
2015,Zambia,61.8
2015,Zimbabwe,67